,Starting Balance,Principal Paid,Interest Paid,Ending Balance
1,"$245,000.00 ",$438.73 ,$561.46 ,"$244,561.27 "
2,"$244,561.27 ",$439.74 ,$560.45 ,"$244,121.53 "
3,"$244,121.53 ",$440.74 ,$559.45 ,"$243,680.79 "
4,"$243,680.79 ",$441.75 ,$558.44 ,"$243,239.03 "
5,"$243,239.03 ",$442.77 ,$557.42 ,"$242,796.26 "
6,"$242,796.26 ",$443.78 ,$556.41 ,"$242,352.48 "
7,"$242,352.48 ",$444.80 ,$555.39 ,"$241,907.68 "
8,"$241,907.68 ",$445.82 ,$554.37 ,"$241,461.87 "
9,"$241,461.87 ",$446.84 ,$553.35 ,"$241,015.03 "
10,"$241,015.03 ",$447.86 ,$552.33 ,"$240,567.16 "
11,"$240,567.16 ",$448.89 ,$551.30 ,"$240,118.27 "
12,"$240,118.27 ",$449.92 ,$550.27 ,"$239,668.35 "
13,"$239,668.35 ",$450.95 ,$549.24 ,"$239,217.40 "
14,"$239,217.40 ",$451.98 ,$548.21 ,"$238,765.42 "
15,"$238,765.42 ",$453.02 ,$547.17 ,"$238,312.40 "
16,"$238,312.40 ",$454.06 ,$546.13 ,"$237,858.34 "
17,"$237,858.34 ",$455.10 ,$545.09 ,"$237,403.24 "
18,"$237,403.24 ",$456.14 ,$544.05 ,"$236,947.10 "
19,"$236,947.10 ",$457.19 ,$543.00 ,"$236,489.92 "
20,"$236,489.92 ",$458.23 ,$541.96 ,"$236,031.68 "
21,"$236,031.68 ",$459.28 ,$540.91 ,"$235,572.40 "
22,"$235,572.40 ",$460.34 ,$539.85 ,"$235,112.06 "
23,"$235,112.06 ",$461.39 ,$538.80 ,"$234,650.67 "
24,"$234,650.67 ",$462.45 ,$537.74 ,"$234,188.22 "
25,"$234,188.22 ",$463.51 ,$536.68 ,"$233,724.71 "
26,"$233,724.71 ",$464.57 ,$535.62 ,"$233,260.14 "
27,"$233,260.14 ",$465.64 ,$534.55 ,"$232,794.51 "
28,"$232,794.51 ",$466.70 ,$533.49 ,"$232,327.80 "
29,"$232,327.80 ",$467.77 ,$532.42 ,"$231,860.03 "
30,"$231,860.03 ",$468.84 ,$531.35 ,"$231,391.19 "
31,"$231,391.19 ",$469.92 ,$530.27 ,"$230,921.27 "
32,"$230,921.27 ",$471.00 ,$529.19 ,"$230,450.27 "
33,"$230,450.27 ",$472.07 ,$528.12 ,"$229,978.20 "
34,"$229,978.20 ",$473.16 ,$527.03 ,"$229,505.04 "
35,"$229,505.04 ",$474.24 ,$525.95 ,"$229,030.80 "
36,"$229,030.80 ",$475.33 ,$524.86 ,"$228,555.47 "
37,"$228,555.47 ",$476.42 ,$523.77 ,"$228,079.06 "
38,"$228,079.06 ",$477.51 ,$522.68 ,"$227,601.55 "
39,"$227,601.55 ",$478.60 ,$521.59 ,"$227,122.95 "
40,"$227,122.95 ",$479.70 ,$520.49 ,"$226,643.25 "
41,"$226,643.25 ",$480.80 ,$519.39 ,"$226,162.45 "
42,"$226,162.45 ",$481.90 ,$518.29 ,"$225,680.55 "
43,"$225,680.55 ",$483.01 ,$517.18 ,"$225,197.54 "
44,"$225,197.54 ",$484.11 ,$516.08 ,"$224,713.43 "
45,"$224,713.43 ",$485.22 ,$514.97 ,"$224,228.21 "
46,"$224,228.21 ",$486.33 ,$513.86 ,"$223,741.87 "
47,"$223,741.87 ",$487.45 ,$512.74 ,"$223,254.42 "
48,"$223,254.42 ",$488.57 ,$511.62 ,"$222,765.86 "
49,"$222,765.86 ",$489.68 ,$510.51 ,"$222,276.17 "
50,"$222,276.17 ",$490.81 ,$509.38 ,"$221,785.37 "
51,"$221,785.37 ",$491.93 ,$508.26 ,"$221,293.43 "
52,"$221,293.43 ",$493.06 ,$507.13 ,"$220,800.38 "
53,"$220,800.38 ",$494.19 ,$506.00 ,"$220,306.19 "
54,"$220,306.19 ",$495.32 ,$504.87 ,"$219,810.86 "
55,"$219,810.86 ",$496.46 ,$503.73 ,"$219,314.41 "
56,"$219,314.41 ",$497.59 ,$502.60 ,"$218,816.81 "
57,"$218,816.81 ",$498.73 ,$501.46 ,"$218,318.08 "
58,"$218,318.08 ",$499.88 ,$500.31 ,"$217,818.20 "
59,"$217,818.20 ",$501.02 ,$499.17 ,"$217,317.18 "
60,"$217,317.18 ",$502.17 ,$498.02 ,"$216,815.01 "
61,"$216,815.01 ",$503.32 ,$496.87 ,"$216,311.68 "
62,"$216,311.68 ",$504.48 ,$495.71 ,"$215,807.21 "
63,"$215,807.21 ",$505.63 ,$494.56 ,"$215,301.58 "
64,"$215,301.58 ",$506.79 ,$493.40 ,"$214,794.79 "
65,"$214,794.79 ",$507.95 ,$492.24 ,"$214,286.83 "
66,"$214,286.83 ",$509.12 ,$491.07 ,"$213,777.72 "
67,"$213,777.72 ",$510.28 ,$489.91 ,"$213,267.43 "
68,"$213,267.43 ",$511.45 ,$488.74 ,"$212,755.98 "
69,"$212,755.98 ",$512.62 ,$487.57 ,"$212,243.36 "
70,"$212,243.36 ",$513.80 ,$486.39 ,"$211,729.56 "
71,"$211,729.56 ",$514.98 ,$485.21 ,"$211,214.58 "
72,"$211,214.58 ",$516.16 ,$484.03 ,"$210,698.43 "
73,"$210,698.43 ",$517.34 ,$482.85 ,"$210,181.09 "
74,"$210,181.09 ",$518.53 ,$481.66 ,"$209,662.56 "
75,"$209,662.56 ",$519.71 ,$480.48 ,"$209,142.85 "
76,"$209,142.85 ",$520.90 ,$479.29 ,"$208,621.94 "
77,"$208,621.94 ",$522.10 ,$478.09 ,"$208,099.85 "
78,"$208,099.85 ",$523.29 ,$476.90 ,"$207,576.55 "
79,"$207,576.55 ",$524.49 ,$475.70 ,"$207,052.06 "
80,"$207,052.06 ",$525.70 ,$474.49 ,"$206,526.36 "
81,"$206,526.36 ",$526.90 ,$473.29 ,"$205,999.46 "
82,"$205,999.46 ",$528.11 ,$472.08 ,"$205,471.35 "
83,"$205,471.35 ",$529.32 ,$470.87 ,"$204,942.04 "
84,"$204,942.04 ",$530.53 ,$469.66 ,"$204,411.50 "
85,"$204,411.50 ",$531.75 ,$468.44 ,"$203,879.76 "
86,"$203,879.76 ",$532.97 ,$467.22 ,"$203,346.79 "
87,"$203,346.79 ",$534.19 ,$466.00 ,"$202,812.61 "
88,"$202,812.61 ",$535.41 ,$464.78 ,"$202,277.19 "
89,"$202,277.19 ",$536.64 ,$463.55 ,"$201,740.56 "
90,"$201,740.56 ",$537.87 ,$462.32 ,"$201,202.69 "
91,"$201,202.69 ",$539.10 ,$461.09 ,"$200,663.59 "
92,"$200,663.59 ",$540.34 ,$459.85 ,"$200,123.25 "
93,"$200,123.25 ",$541.57 ,$458.62 ,"$199,581.68 "
94,"$199,581.68 ",$542.82 ,$457.37 ,"$199,038.86 "
95,"$199,038.86 ",$544.06 ,$456.13 ,"$198,494.80 "
96,"$198,494.80 ",$545.31 ,$454.88 ,"$197,949.50 "
97,"$197,949.50 ",$546.56 ,$453.63 ,"$197,402.94 "
98,"$197,402.94 ",$547.81 ,$452.38 ,"$196,855.13 "
99,"$196,855.13 ",$549.06 ,$451.13 ,"$196,306.07 "
100,"$196,306.07 ",$550.32 ,$449.87 ,"$195,755.75 "
101,"$195,755.75 ",$551.58 ,$448.61 ,"$195,204.16 "
102,"$195,204.16 ",$552.85 ,$447.34 ,"$194,651.32 "
103,"$194,651.32 ",$554.11 ,$446.08 ,"$194,097.20 "
104,"$194,097.20 ",$555.38 ,$444.81 ,"$193,541.82 "
105,"$193,541.82 ",$556.66 ,$443.53 ,"$192,985.16 "
106,"$192,985.16 ",$557.93 ,$442.26 ,"$192,427.23 "
107,"$192,427.23 ",$559.21 ,$440.98 ,"$191,868.02 "
108,"$191,868.02 ",$560.49 ,$439.70 ,"$191,307.53 "
109,"$191,307.53 ",$561.78 ,$438.41 ,"$190,745.75 "
110,"$190,745.75 ",$563.06 ,$437.13 ,"$190,182.69 "
111,"$190,182.69 ",$564.35 ,$435.84 ,"$189,618.33 "
112,"$189,618.33 ",$565.65 ,$434.54 ,"$189,052.68 "
113,"$189,052.68 ",$566.94 ,$433.25 ,"$188,485.74 "
114,"$188,485.74 ",$568.24 ,$431.95 ,"$187,917.50 "
115,"$187,917.50 ",$569.55 ,$430.64 ,"$187,347.95 "
116,"$187,347.95 ",$570.85 ,$429.34 ,"$186,777.10 "
117,"$186,777.10 ",$572.16 ,$428.03 ,"$186,204.94 "
118,"$186,204.94 ",$573.47 ,$426.72 ,"$185,631.47 "
119,"$185,631.47 ",$574.78 ,$425.41 ,"$185,056.68 "
120,"$185,056.68 ",$576.10 ,$424.09 ,"$184,480.58 "
121,"$184,480.58 ",$577.42 ,$422.77 ,"$183,903.16 "
122,"$183,903.16 ",$578.75 ,$421.44 ,"$183,324.42 "
123,"$183,324.42 ",$580.07 ,$420.12 ,"$182,744.34 "
124,"$182,744.34 ",$581.40 ,$418.79 ,"$182,162.94 "
125,"$182,162.94 ",$582.73 ,$417.46 ,"$181,580.21 "
126,"$181,580.21 ",$584.07 ,$416.12 ,"$180,996.14 "
127,"$180,996.14 ",$585.41 ,$414.78 ,"$180,410.73 "
128,"$180,410.73 ",$586.75 ,$413.44 ,"$179,823.99 "
129,"$179,823.99 ",$588.09 ,$412.10 ,"$179,235.89 "
130,"$179,235.89 ",$589.44 ,$410.75 ,"$178,646.45 "
131,"$178,646.45 ",$590.79 ,$409.40 ,"$178,055.66 "
132,"$178,055.66 ",$592.15 ,$408.04 ,"$177,463.51 "
133,"$177,463.51 ",$593.50 ,$406.69 ,"$176,870.01 "
134,"$176,870.01 ",$594.86 ,$405.33 ,"$176,275.15 "
135,"$176,275.15 ",$596.23 ,$403.96 ,"$175,678.92 "
136,"$175,678.92 ",$597.59 ,$402.60 ,"$175,081.33 "
137,"$175,081.33 ",$598.96 ,$401.23 ,"$174,482.37 "
138,"$174,482.37 ",$600.33 ,$399.86 ,"$173,882.03 "
139,"$173,882.03 ",$601.71 ,$398.48 ,"$173,280.32 "
140,"$173,280.32 ",$603.09 ,$397.10 ,"$172,677.23 "
141,"$172,677.23 ",$604.47 ,$395.72 ,"$172,072.76 "
142,"$172,072.76 ",$605.86 ,$394.33 ,"$171,466.90 "
143,"$171,466.90 ",$607.25 ,$392.94 ,"$170,859.66 "
144,"$170,859.66 ",$608.64 ,$391.55 ,"$170,251.02 "
145,"$170,251.02 ",$610.03 ,$390.16 ,"$169,640.99 "
146,"$169,640.99 ",$611.43 ,$388.76 ,"$169,029.56 "
147,"$169,029.56 ",$612.83 ,$387.36 ,"$168,416.73 "
148,"$168,416.73 ",$614.23 ,$385.96 ,"$167,802.50 "
149,"$167,802.50 ",$615.64 ,$384.55 ,"$167,186.85 "
150,"$167,186.85 ",$617.05 ,$383.14 ,"$166,569.80 "
151,"$166,569.80 ",$618.47 ,$381.72 ,"$165,951.33 "
152,"$165,951.33 ",$619.88 ,$380.31 ,"$165,331.45 "
153,"$165,331.45 ",$621.31 ,$378.88 ,"$164,710.14 "
154,"$164,710.14 ",$622.73 ,$377.46 ,"$164,087.41 "
155,"$164,087.41 ",$624.16 ,$376.03 ,"$163,463.26 "
156,"$163,463.26 ",$625.59 ,$374.60 ,"$162,837.67 "
157,"$162,837.67 ",$627.02 ,$373.17 ,"$162,210.65 "
158,"$162,210.65 ",$628.46 ,$371.73 ,"$161,582.19 "
159,"$161,582.19 ",$629.90 ,$370.29 ,"$160,952.30 "
160,"$160,952.30 ",$631.34 ,$368.85 ,"$160,320.95 "
161,"$160,320.95 ",$632.79 ,$367.40 ,"$159,688.17 "
162,"$159,688.17 ",$634.24 ,$365.95 ,"$159,053.93 "
163,"$159,053.93 ",$635.69 ,$364.50 ,"$158,418.24 "
164,"$158,418.24 ",$637.15 ,$363.04 ,"$157,781.09 "
165,"$157,781.09 ",$638.61 ,$361.58 ,"$157,142.48 "
166,"$157,142.48 ",$640.07 ,$360.12 ,"$156,502.41 "
167,"$156,502.41 ",$641.54 ,$358.65 ,"$155,860.87 "
168,"$155,860.87 ",$643.01 ,$357.18 ,"$155,217.86 "
169,"$155,217.86 ",$644.48 ,$355.71 ,"$154,573.38 "
170,"$154,573.38 ",$645.96 ,$354.23 ,"$153,927.42 "
171,"$153,927.42 ",$647.44 ,$352.75 ,"$153,279.98 "
172,"$153,279.98 ",$648.92 ,$351.27 ,"$152,631.06 "
173,"$152,631.06 ",$650.41 ,$349.78 ,"$151,980.65 "
174,"$151,980.65 ",$651.90 ,$348.29 ,"$151,328.75 "
175,"$151,328.75 ",$653.39 ,$346.80 ,"$150,675.35 "
176,"$150,675.35 ",$654.89 ,$345.30 ,"$150,020.46 "
177,"$150,020.46 ",$656.39 ,$343.80 ,"$149,364.06 "
178,"$149,364.06 ",$657.90 ,$342.29 ,"$148,706.17 "
179,"$148,706.17 ",$659.41 ,$340.78 ,"$148,046.76 "
180,"$148,046.76 ",$660.92 ,$339.27 ,"$147,385.85 "
181,"$147,385.85 ",$662.43 ,$337.76 ,"$146,723.42 "
182,"$146,723.42 ",$663.95 ,$336.24 ,"$146,059.47 "
183,"$146,059.47 ",$665.47 ,$334.72 ,"$145,394.00 "
184,"$145,394.00 ",$667.00 ,$333.19 ,"$144,727.00 "
185,"$144,727.00 ",$668.52 ,$331.67 ,"$144,058.48 "
186,"$144,058.48 ",$670.06 ,$330.13 ,"$143,388.42 "
187,"$143,388.42 ",$671.59 ,$328.60 ,"$142,716.83 "
188,"$142,716.83 ",$673.13 ,$327.06 ,"$142,043.70 "
189,"$142,043.70 ",$674.67 ,$325.52 ,"$141,369.03 "
190,"$141,369.03 ",$676.22 ,$323.97 ,"$140,692.81 "
191,"$140,692.81 ",$677.77 ,$322.42 ,"$140,015.04 "
192,"$140,015.04 ",$679.32 ,$320.87 ,"$139,335.71 "
193,"$139,335.71 ",$680.88 ,$319.31 ,"$138,654.84 "
194,"$138,654.84 ",$682.44 ,$317.75 ,"$137,972.40 "
195,"$137,972.40 ",$684.00 ,$316.19 ,"$137,288.39 "
196,"$137,288.39 ",$685.57 ,$314.62 ,"$136,602.82 "
197,"$136,602.82 ",$687.14 ,$313.05 ,"$135,915.68 "
198,"$135,915.68 ",$688.72 ,$311.47 ,"$135,226.96 "
199,"$135,226.96 ",$690.29 ,$309.90 ,"$134,536.67 "
200,"$134,536.67 ",$691.88 ,$308.31 ,"$133,844.79 "
201,"$133,844.79 ",$693.46 ,$306.73 ,"$133,151.33 "
202,"$133,151.33 ",$695.05 ,$305.14 ,"$132,456.28 "
203,"$132,456.28 ",$696.64 ,$303.55 ,"$131,759.63 "
204,"$131,759.63 ",$698.24 ,$301.95 ,"$131,061.39 "
205,"$131,061.39 ",$699.84 ,$300.35 ,"$130,361.55 "
206,"$130,361.55 ",$701.44 ,$298.75 ,"$129,660.11 "
207,"$129,660.11 ",$703.05 ,$297.14 ,"$128,957.06 "
208,"$128,957.06 ",$704.66 ,$295.53 ,"$128,252.39 "
209,"$128,252.39 ",$706.28 ,$293.91 ,"$127,546.11 "
210,"$127,546.11 ",$707.90 ,$292.29 ,"$126,838.22 "
211,"$126,838.22 ",$709.52 ,$290.67 ,"$126,128.70 "
212,"$126,128.70 ",$711.15 ,$289.04 ,"$125,417.55 "
213,"$125,417.55 ",$712.77 ,$287.42 ,"$124,704.78 "
214,"$124,704.78 ",$714.41 ,$285.78 ,"$123,990.37 "
215,"$123,990.37 ",$716.05 ,$284.14 ,"$123,274.32 "
216,"$123,274.32 ",$717.69 ,$282.50 ,"$122,556.64 "
217,"$122,556.64 ",$719.33 ,$280.86 ,"$121,837.31 "
218,"$121,837.31 ",$720.98 ,$279.21 ,"$121,116.33 "
219,"$121,116.33 ",$722.63 ,$277.56 ,"$120,393.70 "
220,"$120,393.70 ",$724.29 ,$275.90 ,"$119,669.41 "
221,"$119,669.41 ",$725.95 ,$274.24 ,"$118,943.46 "
222,"$118,943.46 ",$727.61 ,$272.58 ,"$118,215.85 "
223,"$118,215.85 ",$729.28 ,$270.91 ,"$117,486.57 "
224,"$117,486.57 ",$730.95 ,$269.24 ,"$116,755.62 "
225,"$116,755.62 ",$732.63 ,$267.56 ,"$116,023.00 "
226,"$116,023.00 ",$734.30 ,$265.89 ,"$115,288.69 "
227,"$115,288.69 ",$735.99 ,$264.20 ,"$114,552.70 "
228,"$114,552.70 ",$737.67 ,$262.52 ,"$113,815.03 "
229,"$113,815.03 ",$739.36 ,$260.83 ,"$113,075.67 "
230,"$113,075.67 ",$741.06 ,$259.13 ,"$112,334.61 "
231,"$112,334.61 ",$742.76 ,$257.43 ,"$111,591.85 "
232,"$111,591.85 ",$744.46 ,$255.73 ,"$110,847.39 "
233,"$110,847.39 ",$746.16 ,$254.03 ,"$110,101.23 "
234,"$110,101.23 ",$747.87 ,$252.32 ,"$109,353.35 "
235,"$109,353.35 ",$749.59 ,$250.60 ,"$108,603.77 "
236,"$108,603.77 ",$751.31 ,$248.88 ,"$107,852.46 "
237,"$107,852.46 ",$753.03 ,$247.16 ,"$107,099.43 "
238,"$107,099.43 ",$754.75 ,$245.44 ,"$106,344.68 "
239,"$106,344.68 ",$756.48 ,$243.71 ,"$105,588.19 "
240,"$105,588.19 ",$758.22 ,$241.97 ,"$104,829.98 "
241,"$104,829.98 ",$759.95 ,$240.24 ,"$104,070.02 "
242,"$104,070.02 ",$761.70 ,$238.49 ,"$103,308.33 "
243,"$103,308.33 ",$763.44 ,$236.75 ,"$102,544.88 "
244,"$102,544.88 ",$765.19 ,$235.00 ,"$101,779.69 "
245,"$101,779.69 ",$766.94 ,$233.25 ,"$101,012.75 "
246,"$101,012.75 ",$768.70 ,$231.49 ,"$100,244.05 "
247,"$100,244.05 ",$770.46 ,$229.73 ,"$99,473.58 "
248,"$99,473.58 ",$772.23 ,$227.96 ,"$98,701.35 "
249,"$98,701.35 ",$774.00 ,$226.19 ,"$97,927.35 "
250,"$97,927.35 ",$775.77 ,$224.42 ,"$97,151.58 "
251,"$97,151.58 ",$777.55 ,$222.64 ,"$96,374.03 "
252,"$96,374.03 ",$779.33 ,$220.86 ,"$95,594.70 "
253,"$95,594.70 ",$781.12 ,$219.07 ,"$94,813.58 "
254,"$94,813.58 ",$782.91 ,$217.28 ,"$94,030.67 "
255,"$94,030.67 ",$784.70 ,$215.49 ,"$93,245.97 "
256,"$93,245.97 ",$786.50 ,$213.69 ,"$92,459.46 "
257,"$92,459.46 ",$788.30 ,$211.89 ,"$91,671.16 "
258,"$91,671.16 ",$790.11 ,$210.08 ,"$90,881.05 "
259,"$90,881.05 ",$791.92 ,$208.27 ,"$90,089.13 "
260,"$90,089.13 ",$793.74 ,$206.45 ,"$89,295.39 "
261,"$89,295.39 ",$795.55 ,$204.64 ,"$88,499.84 "
262,"$88,499.84 ",$797.38 ,$202.81 ,"$87,702.46 "
263,"$87,702.46 ",$799.21 ,$200.98 ,"$86,903.26 "
264,"$86,903.26 ",$801.04 ,$199.15 ,"$86,102.22 "
265,"$86,102.22 ",$802.87 ,$197.32 ,"$85,299.35 "
266,"$85,299.35 ",$804.71 ,$195.48 ,"$84,494.63 "
267,"$84,494.63 ",$806.56 ,$193.63 ,"$83,688.08 "
268,"$83,688.08 ",$808.40 ,$191.79 ,"$82,879.67 "
269,"$82,879.67 ",$810.26 ,$189.93 ,"$82,069.42 "
270,"$82,069.42 ",$812.11 ,$188.08 ,"$81,257.30 "
271,"$81,257.30 ",$813.98 ,$186.21 ,"$80,443.33 "
272,"$80,443.33 ",$815.84 ,$184.35 ,"$79,627.48 "
273,"$79,627.48 ",$817.71 ,$182.48 ,"$78,809.77 "
274,"$78,809.77 ",$819.58 ,$180.61 ,"$77,990.19 "
275,"$77,990.19 ",$821.46 ,$178.73 ,"$77,168.73 "
276,"$77,168.73 ",$823.34 ,$176.85 ,"$76,345.38 "
277,"$76,345.38 ",$825.23 ,$174.96 ,"$75,520.15 "
278,"$75,520.15 ",$827.12 ,$173.07 ,"$74,693.03 "
279,"$74,693.03 ",$829.02 ,$171.17 ,"$73,864.01 "
280,"$73,864.01 ",$830.92 ,$169.27 ,"$73,033.09 "
281,"$73,033.09 ",$832.82 ,$167.37 ,"$72,200.27 "
282,"$72,200.27 ",$834.73 ,$165.46 ,"$71,365.54 "
283,"$71,365.54 ",$836.64 ,$163.55 ,"$70,528.89 "
284,"$70,528.89 ",$838.56 ,$161.63 ,"$69,690.33 "
285,"$69,690.33 ",$840.48 ,$159.71 ,"$68,849.85 "
286,"$68,849.85 ",$842.41 ,$157.78 ,"$68,007.44 "
287,"$68,007.44 ",$844.34 ,$155.85 ,"$67,163.10 "
288,"$67,163.10 ",$846.27 ,$153.92 ,"$66,316.83 "
289,"$66,316.83 ",$848.21 ,$151.98 ,"$65,468.61 "
290,"$65,468.61 ",$850.16 ,$150.03 ,"$64,618.45 "
291,"$64,618.45 ",$852.11 ,$148.08 ,"$63,766.35 "
292,"$63,766.35 ",$854.06 ,$146.13 ,"$62,912.29 "
293,"$62,912.29 ",$856.02 ,$144.17 ,"$62,056.27 "
294,"$62,056.27 ",$857.98 ,$142.21 ,"$61,198.30 "
295,"$61,198.30 ",$859.94 ,$140.25 ,"$60,338.35 "
296,"$60,338.35 ",$861.91 ,$138.28 ,"$59,476.44 "
297,"$59,476.44 ",$863.89 ,$136.30 ,"$58,612.55 "
298,"$58,612.55 ",$865.87 ,$134.32 ,"$57,746.68 "
299,"$57,746.68 ",$867.85 ,$132.34 ,"$56,878.82 "
300,"$56,878.82 ",$869.84 ,$130.35 ,"$56,008.98 "
301,"$56,008.98 ",$871.84 ,$128.35 ,"$55,137.15 "
302,"$55,137.15 ",$873.83 ,$126.36 ,"$54,263.31 "
303,"$54,263.31 ",$875.84 ,$124.35 ,"$53,387.47 "
304,"$53,387.47 ",$877.84 ,$122.35 ,"$52,509.63 "
305,"$52,509.63 ",$879.86 ,$120.33 ,"$51,629.78 "
306,"$51,629.78 ",$881.87 ,$118.32 ,"$50,747.90 "
307,"$50,747.90 ",$883.89 ,$116.30 ,"$49,864.01 "
308,"$49,864.01 ",$885.92 ,$114.27 ,"$48,978.09 "
309,"$48,978.09 ",$887.95 ,$112.24 ,"$48,090.14 "
310,"$48,090.14 ",$889.98 ,$110.21 ,"$47,200.16 "
311,"$47,200.16 ",$892.02 ,$108.17 ,"$46,308.14 "
312,"$46,308.14 ",$894.07 ,$106.12 ,"$45,414.07 "
313,"$45,414.07 ",$896.12 ,$104.07 ,"$44,517.95 "
314,"$44,517.95 ",$898.17 ,$102.02 ,"$43,619.78 "
315,"$43,619.78 ",$900.23 ,$99.96 ,"$42,719.56 "
316,"$42,719.56 ",$902.29 ,$97.90 ,"$41,817.27 "
317,"$41,817.27 ",$904.36 ,$95.83 ,"$40,912.91 "
318,"$40,912.91 ",$906.43 ,$93.76 ,"$40,006.48 "
319,"$40,006.48 ",$908.51 ,$91.68 ,"$39,097.97 "
320,"$39,097.97 ",$910.59 ,$89.60 ,"$38,187.38 "
321,"$38,187.38 ",$912.68 ,$87.51 ,"$37,274.70 "
322,"$37,274.70 ",$914.77 ,$85.42 ,"$36,359.93 "
323,"$36,359.93 ",$916.87 ,$83.32 ,"$35,443.07 "
324,"$35,443.07 ",$918.97 ,$81.22 ,"$34,524.10 "
325,"$34,524.10 ",$921.07 ,$79.12 ,"$33,603.03 "
326,"$33,603.03 ",$923.18 ,$77.01 ,"$32,679.84 "
327,"$32,679.84 ",$925.30 ,$74.89 ,"$31,754.55 "
328,"$31,754.55 ",$927.42 ,$72.77 ,"$30,827.13 "
329,"$30,827.13 ",$929.54 ,$70.65 ,"$29,897.58 "
330,"$29,897.58 ",$931.67 ,$68.52 ,"$28,965.91 "
331,"$28,965.91 ",$933.81 ,$66.38 ,"$28,032.10 "
332,"$28,032.10 ",$935.95 ,$64.24 ,"$27,096.15 "
333,"$27,096.15 ",$938.09 ,$62.10 ,"$26,158.05 "
334,"$26,158.05 ",$940.24 ,$59.95 ,"$25,217.81 "
335,"$25,217.81 ",$942.40 ,$57.79 ,"$24,275.41 "
336,"$24,275.41 ",$944.56 ,$55.63 ,"$23,330.85 "
337,"$23,330.85 ",$946.72 ,$53.47 ,"$22,384.13 "
338,"$22,384.13 ",$948.89 ,$51.30 ,"$21,435.23 "
339,"$21,435.23 ",$951.07 ,$49.12 ,"$20,484.17 "
340,"$20,484.17 ",$953.25 ,$46.94 ,"$19,530.92 "
341,"$19,530.92 ",$955.43 ,$44.76 ,"$18,575.49 "
342,"$18,575.49 ",$957.62 ,$42.57 ,"$17,617.87 "
343,"$17,617.87 ",$959.82 ,$40.37 ,"$16,658.05 "
344,"$16,658.05 ",$962.02 ,$38.17 ,"$15,696.04 "
345,"$15,696.04 ",$964.22 ,$35.97 ,"$14,731.82 "
346,"$14,731.82 ",$966.43 ,$33.76 ,"$13,765.39 "
347,"$13,765.39 ",$968.64 ,$31.55 ,"$12,796.74 "
348,"$12,796.74 ",$970.86 ,$29.33 ,"$11,825.88 "
349,"$11,825.88 ",$973.09 ,$27.10 ,"$10,852.79 "
350,"$10,852.79 ",$975.32 ,$24.87 ,"$9,877.47 "
351,"$9,877.47 ",$977.55 ,$22.64 ,"$8,899.91 "
352,"$8,899.91 ",$979.79 ,$20.40 ,"$7,920.12 "
353,"$7,920.12 ",$982.04 ,$18.15 ,"$6,938.08 "
354,"$6,938.08 ",$984.29 ,$15.90 ,"$5,953.79 "
355,"$5,953.79 ",$986.55 ,$13.64 ,"$4,967.24 "
356,"$4,967.24 ",$988.81 ,$11.38 ,"$3,978.44 "
357,"$3,978.44 ",$991.07 ,$9.12 ,"$2,987.37 "
358,"$2,987.37 ",$993.34 ,$6.85 ,"$1,994.02 "
359,"$1,994.02 ",$995.62 ,$4.57 ,$998.40 
360,$998.40 ,$997.90 ,$2.29 ,$0.00 
